financial_year,operating_expenditure,development_expenditure,government_health_expenditure,percentage_gdp,percentage_tge
2006,1840,96.1,2009.7,0.8,6.7
2007,2019,185.4,2283.2,0.8,6.9
2008,2379,336.5,2814.1,1.1,7.4
2009,2920,710.5,3746,1.3,8.9
2010,3258,484.8,3857,1.2,8.5
2011,3489,453.1,4085,1.2,8.8
2012,4066,605,4881,1.3,10
2013,5043.870948,722.880973,5952,1.6,11.5
2014,5872,1147,7300,1.8,12.9
2015,7519.77,1413,8709,2.1,12.9
